# cuda-sgemm performance log | git=84e261f
kernel,m,n,k,ms_median,ms_min,ms_max,ms_mean,rsd_pct,gflops,regs_smem_note,gpu_state(sm_mhz,temp_c,power_w),git_sha,timestamp
cublas,256,256,256,0.026192,0.020416,0.039104,0.0254896,15.5811,1281.09,see build.log,"1620 MHz, 47, 47.60 W",84e261f,2026-10-06 21:16:13
swpipe,256,256,256,0.059984,0.0592,0.064448,0.0601872,1.32964,559.39,see build.log,"1620 MHz, 47, 47.77 W",84e261f,2026-10-06 21:16:14
smem1d,256,256,256,0.023936,0.02256,0.028672,0.0239213,3.15829,1401.84,see build.log,"1620 MHz, 47, 48.50 W",84e261f,2026-10-06 21:16:14
tile2d,256,256,256,0.086016,0.084928,0.350208,0.0887568,29.6129,390.095,see build.log,"1620 MHz, 47, 47.75 W",84e261f,2026-10-06 21:16:15
deep_dbuf1,256,256,256,0.108192,0.106688,0.112448,0.108092,0.631257,310.138,see build.log,"1620 MHz, 47, 48.80 W",84e261f,2026-10-06 21:16:15
swsk_sk3,256,256,256,0.028672,0.027552,0.031232,0.0288262,1.64433,1170.29,see build.log,"1620 MHz, 47, 47.88 W",84e261f,2026-10-06 21:16:16
swsk_sk4,256,256,256,0.024512,0.022912,0.028512,0.0243898,3.54599,1368.9,see build.log,"1620 MHz, 47, 48.05 W",84e261f,2026-10-06 21:16:16
swsk_sk5,256,256,256,0.02272,0.022528,0.028096,0.0230906,3.80547,1476.87,see build.log,"1620 MHz, 47, 48.14 W",84e261f,2026-10-06 21:16:17
swsk_sk6,256,256,256,0.021504,0.02048,0.0512,0.0220765,15.8604,1560.38,see build.log,"1620 MHz, 47, 47.91 W",84e261f,2026-10-06 21:16:17
swsk_sk7,256,256,256,0.021888,0.02048,0.039168,0.0225978,13.069,1533.01,see build.log,"1620 MHz, 47, 48.50 W",84e261f,2026-10-06 21:16:18
swsk_sk8,256,256,256,0.022832,0.022528,0.026656,0.0230979,3.06558,1469.62,see build.log,"1620 MHz, 47, 48.22 W",84e261f,2026-10-06 21:16:18
swsk_sk4_rv2,256,256,256,0.0244,0.02288,0.032928,0.0244714,5.32302,1375.18,see build.log,"1620 MHz, 47, 48.06 W",84e261f,2026-10-06 21:16:18
swsk_sk5_rv2,256,256,256,0.02264,0.022368,0.0736,0.0262349,35.2649,1482.09,see build.log,"1620 MHz, 47, 48.40 W",84e261f,2026-10-06 21:16:19
swsk_sk6_rv2,256,256,256,0.021376,0.02048,0.038912,0.0218576,10.7906,1569.72,see build.log,"1620 MHz, 47, 48.26 W",84e261f,2026-10-06 21:16:19
swsk_sk8_rv2,256,256,256,0.03072,0.024576,0.06192,0.0327325,29.7716,1092.27,see build.log,"1620 MHz, 47, 48.87 W",84e261f,2026-10-06 21:16:20
dsk_sk6_dbuf1,256,256,256,0.0328,0.032704,0.034624,0.0330573,1.40192,1023,see build.log,"1620 MHz, 47, 47.84 W",84e261f,2026-10-06 21:16:20
dsk_sk8_dbuf1,256,256,256,0.02696,0.026624,0.178336,0.0295898,57.8118,1244.6,see build.log,"1620 MHz, 47, 48.01 W",84e261f,2026-10-06 21:16:21
dsk_sk12_dbuf1,256,256,256,0.024736,0.024576,0.047104,0.025207,9.20318,1356.5,see build.log,"1620 MHz, 47, 48.86 W",84e261f,2026-10-06 21:16:21
dsk_sk16_dbuf1,256,256,256,0.03072,0.02944,0.075584,0.0319622,17.9845,1092.27,see build.log,"1620 MHz, 47, 47.61 W",84e261f,2026-10-06 21:16:22
dsk_sk12_dbuf1_rv2,256,256,256,0.02592,0.024576,0.052992,0.0262474,12.1333,1294.54,see build.log,"1620 MHz, 47, 48.98 W",84e261f,2026-10-06 21:16:22
dsk_sk16_dbuf1_rv2,256,256,256,0.030784,0.029376,0.055296,0.031873,13.2103,1090,see build.log,"1620 MHz, 47, 48.97 W",84e261f,2026-10-06 21:16:23
dsk_sk16_dbuf1_rv2,256,256,256,0.030816,0.030368,0.067584,0.0330992,22.2719,1088.86,see build.log,"1620 MHz, 47, 48.34 W",84e261f,2026-10-06 21:16:23
dsk_sk12_dbuf1_rv2,256,256,256,0.025856,0.024576,0.035744,0.0260925,5.90504,1297.74,see build.log,"1620 MHz, 47, 48.63 W",84e261f,2026-10-06 21:16:24
dsk_sk16_dbuf1,256,256,256,0.03072,0.029472,0.053248,0.0310154,8.62872,1092.27,see build.log,"1620 MHz, 47, 48.33 W",84e261f,2026-10-06 21:16:24
dsk_sk12_dbuf1,256,256,256,0.024944,0.024576,0.026656,0.0251379,2.2561,1345.19,see build.log,"1620 MHz, 47, 49.02 W",84e261f,2026-10-06 21:16:25
dsk_sk8_dbuf1,256,256,256,0.0272,0.026624,0.029376,0.0274157,2.06644,1233.62,see build.log,"1620 MHz, 47, 48.19 W",84e261f,2026-10-06 21:16:25
dsk_sk6_dbuf1,256,256,256,0.0328,0.032608,0.034816,0.033153,1.68256,1023,see build.log,"1620 MHz, 47, 48.49 W",84e261f,2026-10-06 21:16:25
swsk_sk8_rv2,256,256,256,0.0248,0.022528,0.039104,0.0250186,11.353,1353,see build.log,"1620 MHz, 47, 48.36 W",84e261f,2026-10-06 21:16:26
swsk_sk6_rv2,256,256,256,0.021568,0.02048,0.026592,0.0216243,4.2556,1555.75,see build.log,"1620 MHz, 47, 47.99 W",84e261f,2026-10-06 21:16:26
swsk_sk5_rv2,256,256,256,0.022704,0.022496,0.028064,0.0229878,3.20445,1477.91,see build.log,"1620 MHz, 47, 48.68 W",84e261f,2026-10-06 21:16:27
swsk_sk4_rv2,256,256,256,0.024352,0.023008,0.033056,0.0247334,7.49675,1377.89,see build.log,"1620 MHz, 47, 47.95 W",84e261f,2026-10-06 21:16:27
swsk_sk8,256,256,256,0.022864,0.022496,0.05776,0.0251088,28.3973,1467.57,see build.log,"1620 MHz, 47, 48.94 W",84e261f,2026-10-06 21:16:28
swsk_sk7,256,256,256,0.021664,0.02048,0.045504,0.0222422,13.6965,1548.86,see build.log,"1620 MHz, 47, 48.63 W",84e261f,2026-10-06 21:16:28
swsk_sk6,256,256,256,0.021664,0.02048,0.041728,0.0220349,10.3491,1548.86,see build.log,"1620 MHz, 47, 48.03 W",84e261f,2026-10-06 21:16:29
swsk_sk5,256,256,256,0.02264,0.022464,0.028672,0.0229075,3.54031,1482.09,see build.log,"1620 MHz, 47, 48.57 W",84e261f,2026-10-06 21:16:29
swsk_sk4,256,256,256,0.02424,0.022848,0.028,0.0240736,2.75073,1384.26,see build.log,"1620 MHz, 47, 48.61 W",84e261f,2026-10-06 21:16:30
swsk_sk3,256,256,256,0.028672,0.027488,0.135168,0.0304416,40.3705,1170.29,see build.log,"1620 MHz, 47, 48.51 W",84e261f,2026-10-06 21:16:30
deep_dbuf1,256,256,256,0.108256,0.106816,2.35549,0.130645,171.155,309.954,see build.log,"1620 MHz, 47, 48.57 W",84e261f,2026-10-06 21:16:31
tile2d,256,256,256,0.086016,0.084736,0.090176,0.086032,0.620652,390.095,see build.log,"1620 MHz, 47, 48.41 W",84e261f,2026-10-06 21:16:31
smem1d,256,256,256,0.024064,0.022784,0.028672,0.0239968,3.50054,1394.38,see build.log,"1620 MHz, 48, 49.02 W",84e261f,2026-10-06 21:16:31
swpipe,256,256,256,0.059872,0.059392,0.063488,0.0600144,1.0486,560.436,see build.log,"1620 MHz, 47, 48.08 W",84e261f,2026-10-06 21:16:32
cublas,256,256,256,0.027792,0.017376,0.042816,0.0268714,19.3091,1207.34,see build.log,"1620 MHz, 48, 48.67 W",84e261f,2026-10-06 21:16:32
