# cuda-sgemm performance log | git=9eaf90a
kernel,m,n,k,ms_median,ms_min,ms_max,ms_mean,rsd_pct,gflops,regs_smem_note,gpu_state(sm_mhz,temp_c,power_w),git_sha,timestamp
cublas,1024,1024,1024,0.25616,0.25488,0.72704,0.261068,17.9397,8383.37,see build.log,"1620 MHz, 42, 80.82 W",9eaf90a,2026-10-07 12:54:33
dsk_base,1024,1024,1024,0.341808,0.336768,0.759904,0.350679,16.6499,6282.72,see build.log,"1620 MHz, 42, 79.21 W",9eaf90a,2026-10-07 12:54:34
dsk_bpf,1024,1024,1024,0.340896,0.33664,0.759424,0.345333,12.0703,6299.53,see build.log,"1620 MHz, 42, 79.58 W",9eaf90a,2026-10-07 12:54:34
dsk_phase,1024,1024,1024,0.344768,0.3424,0.759072,0.349119,11.8077,6228.78,see build.log,"1620 MHz, 43, 77.34 W",9eaf90a,2026-10-07 12:54:35
dsk_bpf_phase,1024,1024,1024,0.344144,0.340928,0.74976,0.348499,11.5773,6240.07,see build.log,"1620 MHz, 43, 60.38 W",9eaf90a,2026-10-07 12:54:35
cublas,1024,1024,1024,0.256,0.255808,0.6656,0.26045,15.6356,8388.61,see build.log,"1620 MHz, 43, 80.40 W",9eaf90a,2026-10-07 12:54:36
dsk_base,1024,1024,1024,0.341936,0.336512,0.680864,0.345793,9.7825,6280.37,see build.log,"1620 MHz, 43, 75.68 W",9eaf90a,2026-10-07 12:54:36
dsk_bpf,1024,1024,1024,0.340672,0.33648,0.637152,0.343851,8.59003,6303.67,see build.log,"1620 MHz, 43, 57.79 W",9eaf90a,2026-10-07 12:54:37
dsk_phase,1024,1024,1024,0.34464,0.342016,0.669696,0.34828,9.2823,6231.09,see build.log,"1620 MHz, 43, 80.11 W",9eaf90a,2026-10-07 12:54:37
dsk_bpf_phase,1024,1024,1024,0.344064,0.341024,0.753664,0.3515,14.4971,6241.52,see build.log,"1620 MHz, 43, 80.07 W",9eaf90a,2026-10-07 12:54:38
cublas,1024,1024,1024,0.256448,0.254944,0.707232,0.261141,17.1709,8373.95,see build.log,"1620 MHz, 43, 71.43 W",9eaf90a,2026-10-07 12:54:38
dsk_base,1024,1024,1024,0.341936,0.337888,0.765952,0.346562,12.1903,6280.37,see build.log,"1620 MHz, 43, 45.16 W",9eaf90a,2026-10-07 12:54:39
dsk_bpf,1024,1024,1024,0.340032,0.335872,0.757024,0.344736,12.0398,6315.53,see build.log,"1620 MHz, 43, 79.97 W",9eaf90a,2026-10-07 12:54:39
dsk_phase,1024,1024,1024,0.344784,0.342016,0.793728,0.34947,12.7819,6228.49,see build.log,"1620 MHz, 43, 80.43 W",9eaf90a,2026-10-07 12:54:40
dsk_bpf_phase,1024,1024,1024,0.344128,0.342016,0.753088,0.348432,11.676,6240.36,see build.log,"1620 MHz, 43, 77.55 W",9eaf90a,2026-10-07 12:54:41
cublas,2048,2048,2048,1.83872,1.83459,2.30554,1.87819,5.31883,9343.39,see build.log,"1950 MHz, 45, 94.89 W",9eaf90a,2026-10-07 12:54:41
dsk_base,2048,2048,2048,2.04373,2.0287,2.42893,2.07176,4.77734,8406.14,see build.log,"1935 MHz, 46, 146.36 W",9eaf90a,2026-10-07 12:54:42
dsk_bpf,2048,2048,2048,2.0439,2.03123,2.43917,2.07059,4.65547,8405.42,see build.log,"1935 MHz, 46, 139.64 W",9eaf90a,2026-10-07 12:54:43
dsk_phase,2048,2048,2048,2.08605,2.06029,2.47632,2.11727,4.62601,8235.61,see build.log,"1935 MHz, 47, 234.53 W",9eaf90a,2026-10-07 12:54:44
dsk_bpf_phase,2048,2048,2048,2.08582,2.06438,2.47398,2.11206,4.16956,8236.49,see build.log,"1935 MHz, 47, 226.38 W",9eaf90a,2026-10-07 12:54:45
cublas,2048,2048,2048,1.64875,1.55968,2.06496,1.66913,5.36115,10419.9,see build.log,"1935 MHz, 47, 219.54 W",9eaf90a,2026-10-07 12:54:45
dsk_base,2048,2048,2048,2.0423,2.02957,2.44426,2.07514,4.82715,8412,see build.log,"1935 MHz, 47, 228.83 W",9eaf90a,2026-10-07 12:54:46
dsk_bpf,2048,2048,2048,2.04608,2.03126,2.44502,2.07457,4.57209,8396.48,see build.log,"1935 MHz, 48, 223.63 W",9eaf90a,2026-10-07 12:54:47
dsk_phase,2048,2048,2048,2.0869,2.07478,2.66698,2.11737,4.84913,8232.26,see build.log,"1935 MHz, 48, 208.92 W",9eaf90a,2026-10-07 12:54:48
dsk_bpf_phase,2048,2048,2048,2.08485,2.0729,2.49005,2.11621,4.54984,8240.35,see build.log,"1935 MHz, 48, 192.13 W",9eaf90a,2026-10-07 12:54:49
cublas,2048,2048,2048,1.66602,1.64643,2.09091,1.68404,5.5441,10311.9,see build.log,"1935 MHz, 48, 133.82 W",9eaf90a,2026-10-07 12:54:49
dsk_base,2048,2048,2048,2.04397,2.02826,2.47194,2.07402,4.63164,8405.16,see build.log,"1935 MHz, 48, 161.12 W",9eaf90a,2026-10-07 12:54:50
dsk_bpf,2048,2048,2048,2.04477,2.03075,2.43917,2.07627,4.83033,8401.87,see build.log,"1935 MHz, 49, 129.75 W",9eaf90a,2026-10-07 12:54:51
dsk_phase,2048,2048,2048,2.08869,2.07488,2.49773,2.11958,4.5376,8225.2,see build.log,"1935 MHz, 49, 231.02 W",9eaf90a,2026-10-07 12:54:52
dsk_bpf_phase,2048,2048,2048,2.08381,2.07053,2.51549,2.11419,4.53097,8244.46,see build.log,"1935 MHz, 49, 231.26 W",9eaf90a,2026-10-07 12:54:53
