swpipe_smoke,512,512,512,0.113376,0.11216,0.114944,0.113386,0.553423,2367.66,see build.log,"1620 MHz, 46, 50.54 W",84e261f,2026-10-05 23:19:58
wide,512,512,512,0.140288,0.139264,0.143136,0.140243,0.472449,1913.46,see build.log,"1620 MHz, 46, 51.33 W",84e261f,2026-10-05 23:19:58
swpipe_smoke,1024,1024,1024,0.464896,0.461312,3.00851,0.515891,62.5647,4619.28,see build.log,"1620 MHz, 46, 75.03 W",84e261f,2026-10-05 23:19:59
wide,1024,1024,1024,0.687936,0.681728,3.20102,0.766003,54.2276,3121.63,see build.log,"1950 MHz, 46, 76.04 W",84e261f,2026-10-05 23:19:59
swpipe_smoke,4096,4096,4096,20.2862,17.9389,22.0356,19.5157,6.1273,6775,see build.log,"1920 MHz, 51, 185.40 W",84e261f,2026-10-05 23:20:03
wide,4096,4096,4096,33.0232,32.845,35.3493,33.1766,1.59655,4161.89,see build.log,"1935 MHz, 56, 193.07 W",84e261f,2026-10-05 23:20:07
wide_lb1,512,512,512,0.1388,0.137504,0.721152,0.144538,40.0968,1933.97,see build.log,"1620 MHz, 60, 57.24 W",84e261f,2026-10-05 23:40:43
wide_lb2,512,512,512,0.14032,0.139264,1.6185,0.166579,100.082,1913.02,see build.log,"1620 MHz, 61, 57.85 W",84e261f,2026-10-05 23:40:44
wide_lb1,1024,1024,1024,0.829616,0.57632,3.61526,0.834484,51.2378,2588.53,see build.log,"1920 MHz, 61, 84.90 W",84e261f,2026-10-05 23:40:44
wide_lb2,1024,1024,1024,0.578688,0.577536,3.2071,0.635874,54.2321,3710.95,see build.log,"1920 MHz, 61, 123.15 W",84e261f,2026-10-05 23:40:45
wide_lb1,4096,4096,4096,33.1518,31.5949,36.0776,33.3528,2.10589,4145.74,see build.log,"1905 MHz, 66, 201.32 W",84e261f,2026-10-05 23:40:50
wide_lb2,4096,4096,4096,33.9713,33.7489,37.8547,34.2684,2.38184,4045.74,see build.log,"1905 MHz, 68, 161.57 W",84e261f,2026-10-05 23:40:55
