# cuda-sgemm performance log | git=e87141a
kernel,m,n,k,ms_median,ms_min,ms_max,ms_mean,rsd_pct,gflops,regs_smem_note,gpu_state(sm_mhz,temp_c,power_w),git_sha,timestamp
cublas,2048,2048,2048,1.84742,1.8432,4.25542,1.99306,26.8896,9299.36,see build.log,"1935 MHz, 47, 108.47 W",e87141a,2026-10-07 19:26:29
deep_swz0,2048,2048,2048,1.9927,1.97187,4.22307,2.15177,24.8204,8621.39,see build.log,"1935 MHz, 48, 222.76 W",e87141a,2026-10-07 19:26:30
deep_swz1g4,2048,2048,2048,2.05619,2.02445,4.35459,2.22635,25.2483,8355.19,see build.log,"1935 MHz, 50, 221.37 W",e87141a,2026-10-07 19:26:31
deep_swz1g8,2048,2048,2048,2.06848,2.02294,4.23731,2.21643,22.7098,8305.55,see build.log,"1935 MHz, 52, 224.85 W",e87141a,2026-10-07 19:26:32
deep_swz1g16,2048,2048,2048,2.05557,2.0271,4.28032,2.21193,24.8058,8357.72,see build.log,"1935 MHz, 49, 228.01 W",e87141a,2026-10-07 19:26:33
dsk_swz0,2048,2048,2048,2.16171,2.14256,4.46259,2.33379,25.4132,7947.34,see build.log,"1935 MHz, 49, 157.51 W",e87141a,2026-10-07 19:26:33
dsk_swz1g4,2048,2048,2048,2.20165,2.18326,4.5432,2.35537,22.9533,7803.19,see build.log,"1935 MHz, 50, 188.87 W",e87141a,2026-10-07 19:26:34
dsk_swz1g8,2048,2048,2048,2.20304,2.18362,4.43795,2.35833,23.0613,7798.26,see build.log,"1935 MHz, 50, 221.27 W",e87141a,2026-10-07 19:26:35
dsk_swz1g16,2048,2048,2048,2.20314,2.1776,4.50605,2.37895,24.3066,7797.92,see build.log,"1935 MHz, 53, 219.91 W",e87141a,2026-10-07 19:26:36
streamk_swz0,2048,2048,2048,1.9415,1.91693,4.21306,2.1,26.7428,8848.74,see build.log,"1935 MHz, 50, 228.07 W",e87141a,2026-10-07 19:26:37
streamk_swz1g4,2048,2048,2048,1.8781,1.8449,4.1295,2.02783,27.0154,9147.49,see build.log,"1935 MHz, 50, 226.85 W",e87141a,2026-10-07 19:26:37
streamk_swz1g8,2048,2048,2048,1.87502,1.86368,4.10637,2.00377,24.329,9162.48,see build.log,"1935 MHz, 51, 220.88 W",e87141a,2026-10-07 19:26:38
streamk_swz1g16,2048,2048,2048,1.88467,1.80365,4.1231,2.01511,24.2722,9115.57,see build.log,"1920 MHz, 51, 174.42 W",e87141a,2026-10-07 19:26:39
cublas,2048,2048,2048,1.64917,1.63328,4.22707,1.79219,30.3049,10417.3,see build.log,"1920 MHz, 54, 153.23 W",e87141a,2026-10-07 19:26:40
deep_swz0,2048,2048,2048,2.00918,1.98861,4.22659,2.14498,23.5506,8550.67,see build.log,"1920 MHz, 52, 207.85 W",e87141a,2026-10-07 19:26:41
deep_swz1g4,2048,2048,2048,2.07285,2.04243,4.32166,2.2471,26.3287,8288.05,see build.log,"1920 MHz, 52, 221.07 W",e87141a,2026-10-07 19:26:41
deep_swz1g8,2048,2048,2048,2.07192,2.03776,4.14493,2.2244,21.5724,8291.76,see build.log,"1920 MHz, 52, 226.12 W",e87141a,2026-10-07 19:26:42
deep_swz1g16,2048,2048,2048,2.06837,2.04214,4.28838,2.22648,25.1726,8306,see build.log,"1920 MHz, 52, 227.99 W",e87141a,2026-10-07 19:26:43
dsk_swz0,2048,2048,2048,2.1688,2.15693,4.48307,2.3429,24.9814,7921.37,see build.log,"1920 MHz, 54, 136.03 W",e87141a,2026-10-07 19:26:44
dsk_swz1g4,2048,2048,2048,2.21158,2.17974,4.47862,2.38559,23.8089,7768.13,see build.log,"1920 MHz, 53, 172.18 W",e87141a,2026-10-07 19:26:45
dsk_swz1g8,2048,2048,2048,2.21158,2.1967,4.40726,2.36453,22.7831,7768.13,see build.log,"1920 MHz, 53, 196.77 W",e87141a,2026-10-07 19:26:46
dsk_swz1g16,2048,2048,2048,2.21038,2.17638,4.63062,2.38682,25.4769,7772.35,see build.log,"1935 MHz, 53, 227.23 W",e87141a,2026-10-07 19:26:46
streamk_swz0,2048,2048,2048,1.95157,1.94106,4.2343,2.11571,25.7279,8803.11,see build.log,"1920 MHz, 53, 224.37 W",e87141a,2026-10-07 19:26:47
streamk_swz1g4,2048,2048,2048,1.87469,1.87126,4.12733,2.013,26.0679,9164.12,see build.log,"1920 MHz, 54, 217.01 W",e87141a,2026-10-07 19:26:48
streamk_swz1g8,2048,2048,2048,1.8785,1.87187,4.15763,2.0206,25.6938,9145.54,see build.log,"1920 MHz, 57, 174.66 W",e87141a,2026-10-07 19:26:49
streamk_swz1g16,2048,2048,2048,1.88621,1.83731,4.13744,2.01417,26.0073,9108.15,see build.log,"1920 MHz, 54, 225.53 W",e87141a,2026-10-07 19:26:50
cublas,2048,2048,2048,1.65824,1.56912,4.00358,1.79041,29.0147,10360.3,see build.log,"1920 MHz, 54, 225.31 W",e87141a,2026-10-07 19:26:50
deep_swz0,2048,2048,2048,2.0107,1.9944,4.20848,2.16784,24.4885,8544.21,see build.log,"1935 MHz, 54, 151.43 W",e87141a,2026-10-07 19:26:51
deep_swz1g4,2048,2048,2048,2.07259,2.03654,4.2927,2.22477,24.9509,8289.07,see build.log,"1920 MHz, 55, 192.90 W",e87141a,2026-10-07 19:26:52
deep_swz1g8,2048,2048,2048,2.07229,2.03571,5.31299,2.24219,26.9992,8290.29,see build.log,"1920 MHz, 58, 200.60 W",e87141a,2026-10-07 19:26:53
deep_swz1g16,2048,2048,2048,2.0765,2.0505,4.28522,2.24549,24.0362,8273.49,see build.log,"1920 MHz, 56, 191.20 W",e87141a,2026-10-07 19:26:54
dsk_swz0,2048,2048,2048,2.17086,2.16019,4.73702,2.33189,24.0256,7913.84,see build.log,"1920 MHz, 56, 228.64 W",e87141a,2026-10-07 19:26:54
dsk_swz1g4,2048,2048,2048,2.20981,2.17907,4.43514,2.38526,23.7094,7774.37,see build.log,"1920 MHz, 56, 231.85 W",e87141a,2026-10-07 19:26:55
dsk_swz1g8,2048,2048,2048,2.21299,2.18032,4.4585,2.3643,22.7081,7763.19,see build.log,"1920 MHz, 56, 132.00 W",e87141a,2026-10-07 19:26:56
dsk_swz1g16,2048,2048,2048,2.21776,2.19798,4.42579,2.3724,21.528,7746.5,see build.log,"1905 MHz, 54, 187.58 W",e87141a,2026-10-07 19:26:57
streamk_swz0,2048,2048,2048,1.95978,1.95226,4.1984,2.08629,22.4503,8766.24,see build.log,"1905 MHz, 56, 135.70 W",e87141a,2026-10-07 19:26:58
streamk_swz1g4,2048,2048,2048,1.88939,1.87805,4.31747,2.05033,27.067,9092.8,see build.log,"1905 MHz, 56, 222.51 W",e87141a,2026-10-07 19:26:59
streamk_swz1g8,2048,2048,2048,1.88904,1.83315,4.34765,2.02568,26.4954,9094.5,see build.log,"1890 MHz, 56, 228.38 W",e87141a,2026-10-07 19:26:59
streamk_swz1g16,2048,2048,2048,1.8903,1.88717,4.16877,2.02747,24.9468,9088.42,see build.log,"1905 MHz, 57, 183.47 W",e87141a,2026-10-07 19:27:00
cublas,4096,4096,4096,13.1444,12.8205,15.7068,13.969,8.1017,10456.1,see build.log,"1890 MHz, 55, 186.30 W",e87141a,2026-10-07 19:28:08
deep_swz0,4096,4096,4096,16.0639,14.7313,17.3588,15.9176,6.93692,8555.75,see build.log,"1920 MHz, 56, 203.53 W",e87141a,2026-10-07 19:28:10
deep_swz1g4,4096,4096,4096,17.023,14.8992,17.6032,16.1813,6.83622,8073.73,see build.log,"1905 MHz, 56, 228.87 W",e87141a,2026-10-07 19:28:12
deep_swz1g8,4096,4096,4096,16.0503,14.8931,17.4368,16.1329,6.93855,8563.04,see build.log,"1905 MHz, 55, 232.66 W",e87141a,2026-10-07 19:28:14
deep_swz1g16,4096,4096,4096,17.1325,14.8828,17.6275,16.2195,6.93627,8022.1,see build.log,"1920 MHz, 55, 226.88 W",e87141a,2026-10-07 19:28:16
dsk_swz0,4096,4096,4096,17.8463,15.5781,33.1509,17.2682,14.5921,7701.26,see build.log,"1905 MHz, 56, 222.97 W",e87141a,2026-10-07 19:28:18
dsk_swz1g4,4096,4096,4096,18.139,15.9564,18.4257,17.2958,6.27633,7577,see build.log,"1905 MHz, 57, 202.81 W",e87141a,2026-10-07 19:28:20
dsk_swz1g8,4096,4096,4096,18.1797,15.8863,18.6362,17.3119,6.46995,7560.02,see build.log,"1905 MHz, 58, 210.04 W",e87141a,2026-10-07 19:28:22
dsk_swz1g16,4096,4096,4096,18.1404,15.9534,18.5025,17.2635,6.33104,7576.39,see build.log,"1905 MHz, 58, 203.58 W",e87141a,2026-10-07 19:28:24
streamk_swz0,4096,4096,4096,15.1157,14.7578,17.2687,15.9667,6.91996,9092.44,see build.log,"1905 MHz, 59, 226.59 W",e87141a,2026-10-07 19:28:25
streamk_swz1g4,4096,4096,4096,15.6735,14.3137,16.8131,15.5765,7.15321,8768.85,see build.log,"1905 MHz, 60, 213.92 W",e87141a,2026-10-07 19:28:27
streamk_swz1g8,4096,4096,4096,15.613,14.3685,16.7745,15.5824,6.95582,8802.85,see build.log,"1905 MHz, 61, 180.85 W",e87141a,2026-10-07 19:28:29
streamk_swz1g16,4096,4096,4096,15.6852,14.4322,17.1498,15.6464,7.24451,8762.34,see build.log,"1875 MHz, 62, 132.57 W",e87141a,2026-10-07 19:28:31
cublas,4096,4096,4096,13.4491,12.9928,17.4431,14.2992,8.39973,10219.2,see build.log,"1875 MHz, 65, 141.36 W",e87141a,2026-10-07 19:28:33
deep_swz0,4096,4096,4096,16.9484,14.9677,17.6914,16.2126,6.75367,8109.27,see build.log,"1890 MHz, 66, 210.00 W",e87141a,2026-10-07 19:28:35
deep_swz1g4,4096,4096,4096,17.3432,15.1968,17.8053,16.4669,6.80703,7924.66,see build.log,"1890 MHz, 67, 227.68 W",e87141a,2026-10-07 19:28:37
deep_swz1g8,4096,4096,4096,17.3345,15.1959,17.8316,16.4834,6.79809,7928.64,see build.log,"1890 MHz, 67, 228.23 W",e87141a,2026-10-07 19:28:39
deep_swz1g16,4096,4096,4096,17.3617,15.2023,17.9061,16.5131,6.72725,7916.2,see build.log,"1890 MHz, 68, 174.41 W",e87141a,2026-10-07 19:28:41
dsk_swz0,4096,4096,4096,18.1274,15.8821,18.4424,17.2555,6.36426,7581.82,see build.log,"1890 MHz, 68, 148.14 W",e87141a,2026-10-07 19:28:43
dsk_swz1g4,4096,4096,4096,18.3096,16.1004,18.7269,17.4492,6.29363,7506.37,see build.log,"1875 MHz, 69, 153.96 W",e87141a,2026-10-07 19:28:45
dsk_swz1g8,4096,4096,4096,18.3244,15.9147,26.9863,17.62,9.88409,7500.31,see build.log,"1875 MHz, 68, 159.59 W",e87141a,2026-10-07 19:28:47
dsk_swz1g16,4096,4096,4096,18.4476,16.212,18.8355,17.5592,6.35607,7450.22,see build.log,"1860 MHz, 70, 160.79 W",e87141a,2026-10-07 19:28:49
streamk_swz0,4096,4096,4096,17.22,15.0159,17.61,16.3226,6.92902,7981.36,see build.log,"1875 MHz, 71, 170.09 W",e87141a,2026-10-07 19:28:51
streamk_swz1g4,4096,4096,4096,15.7825,14.5511,17.0476,15.7826,7.07696,8708.32,see build.log,"1860 MHz, 70, 225.66 W",e87141a,2026-10-07 19:28:53
streamk_swz1g8,4096,4096,4096,16.3751,14.5515,17.0355,15.8297,6.85528,8393.15,see build.log,"1875 MHz, 68, 226.44 W",e87141a,2026-10-07 19:28:55
streamk_swz1g16,4096,4096,4096,15.8523,14.551,17.1122,15.8013,7.05126,8669.98,see build.log,"1860 MHz, 68, 229.04 W",e87141a,2026-10-07 19:28:57
cublas,4096,4096,4096,13.4399,13.2213,16.085,14.4097,8.05147,10226.2,see build.log,"1875 MHz, 68, 223.40 W",e87141a,2026-10-07 19:28:58
deep_swz0,4096,4096,4096,17.2301,15.1181,17.7925,16.4392,6.67851,7976.66,see build.log,"1875 MHz, 69, 193.48 W",e87141a,2026-10-07 19:29:00
deep_swz1g4,4096,4096,4096,17.5441,15.317,17.9574,16.6582,6.64579,7833.9,see build.log,"1875 MHz, 69, 225.78 W",e87141a,2026-10-07 19:29:02
deep_swz1g8,4096,4096,4096,17.5358,15.3274,18.1228,16.6281,6.76495,7837.62,see build.log,"1875 MHz, 70, 230.95 W",e87141a,2026-10-07 19:29:04
deep_swz1g16,4096,4096,4096,17.4612,15.3396,18.0211,16.6534,6.71113,7871.1,see build.log,"1875 MHz, 70, 147.25 W",e87141a,2026-10-07 19:29:06
dsk_swz0,4096,4096,4096,18.2527,16.0067,22.9414,17.4705,7.68461,7529.77,see build.log,"1875 MHz, 70, 185.40 W",e87141a,2026-10-07 19:29:08
dsk_swz1g4,4096,4096,4096,18.4393,16.1964,19.8987,17.6646,6.40607,7453.58,see build.log,"1875 MHz, 70, 229.97 W",e87141a,2026-10-07 19:29:10
dsk_swz1g8,4096,4096,4096,18.5109,16.2133,18.7155,17.6089,6.31647,7424.75,see build.log,"1875 MHz, 71, 228.00 W",e87141a,2026-10-07 19:29:12
dsk_swz1g16,4096,4096,4096,18.4341,16.2213,18.8688,17.6054,6.12728,7455.7,see build.log,"1875 MHz, 71, 143.79 W",e87141a,2026-10-07 19:29:14
streamk_swz0,4096,4096,4096,17.3109,15.0404,18.2047,16.4164,7.04031,7939.46,see build.log,"1875 MHz, 71, 194.24 W",e87141a,2026-10-07 19:29:16
streamk_swz1g4,4096,4096,4096,15.9452,14.676,17.3242,15.8962,7.05842,8619.43,see build.log,"1875 MHz, 71, 168.97 W",e87141a,2026-10-07 19:29:18
streamk_swz1g8,4096,4096,4096,15.9375,14.6781,17.3574,15.9391,7.01091,8623.6,see build.log,"1875 MHz, 71, 162.27 W",e87141a,2026-10-07 19:29:20
streamk_swz1g16,4096,4096,4096,16.5237,14.6778,17.4278,15.9785,6.89721,8317.7,see build.log,"1860 MHz, 75, 155.96 W",e87141a,2026-10-07 19:29:22
cublas,1024,1024,1024,0.254576,0.253952,2.19021,0.278964,70.9566,8435.53,see build.log,"1620 MHz, 47, 66.05 W",e87141a,2026-10-07 19:32:00
deep_swz0,1024,1024,1024,0.4096,0.405376,2.60659,0.431808,50.6228,5242.88,see build.log,"1620 MHz, 48, 78.07 W",e87141a,2026-10-07 19:32:00
deep_swz1g4,1024,1024,1024,0.448512,0.446304,2.5759,0.492188,57.0805,4788.02,see build.log,"1620 MHz, 48, 67.65 W",e87141a,2026-10-07 19:32:01
deep_swz1g8,1024,1024,1024,0.448512,0.438784,2.68902,0.470673,47.3701,4788.02,see build.log,"1620 MHz, 49, 78.50 W",e87141a,2026-10-07 19:32:01
deep_swz1g16,1024,1024,1024,0.448512,0.445184,2.71418,0.491731,61.8217,4788.02,see build.log,"1620 MHz, 49, 78.14 W",e87141a,2026-10-07 19:32:02
dsk_swz0,1024,1024,1024,0.393152,0.387232,2.64493,0.415584,53.9166,5462.22,see build.log,"1620 MHz, 49, 67.74 W",e87141a,2026-10-07 19:32:02
dsk_swz1g4,1024,1024,1024,0.405504,0.398304,1.8695,0.433676,40.0813,5295.84,see build.log,"1620 MHz, 49, 52.63 W",e87141a,2026-10-07 19:32:03
dsk_swz1g8,1024,1024,1024,0.405488,0.39728,2.34086,0.429034,45.8663,5296.05,see build.log,"1620 MHz, 49, 85.12 W",e87141a,2026-10-07 19:32:03
dsk_swz1g16,1024,1024,1024,0.405504,0.39808,2.3081,0.42873,45.1733,5295.84,see build.log,"1620 MHz, 49, 65.43 W",e87141a,2026-10-07 19:32:04
streamk_swz0,1024,1024,1024,0.391168,0.387136,2.66035,0.413817,54.5624,5489.93,see build.log,"1620 MHz, 49, 85.91 W",e87141a,2026-10-07 19:32:05
streamk_swz1g4,1024,1024,1024,0.385024,0.380928,2.62058,0.40736,54.6053,5577.53,see build.log,"1620 MHz, 49, 85.74 W",e87141a,2026-10-07 19:32:05
streamk_swz1g8,1024,1024,1024,0.385024,0.381088,2.00547,0.408636,43.4,5577.53,see build.log,"1620 MHz, 49, 85.74 W",e87141a,2026-10-07 19:32:06
streamk_swz1g16,1024,1024,1024,0.385024,0.38144,2.30653,0.408417,47.8681,5577.53,see build.log,"1620 MHz, 49, 67.12 W",e87141a,2026-10-07 19:32:06
cublas,1024,1024,1024,0.254624,0.253952,0.258048,0.25478,0.302075,8433.94,see build.log,"1620 MHz, 49, 84.93 W",e87141a,2026-10-07 19:32:07
deep_swz0,1024,1024,1024,0.408864,0.404064,2.71203,0.432107,53.0327,5252.32,see build.log,"1620 MHz, 49, 67.28 W",e87141a,2026-10-07 19:32:07
deep_swz1g4,1024,1024,1024,0.448512,0.445536,2.55437,0.469524,44.6277,4788.02,see build.log,"1620 MHz, 49, 78.40 W",e87141a,2026-10-07 19:32:08
deep_swz1g8,1024,1024,1024,0.448512,0.446432,2.62691,0.470223,46.0972,4788.02,see build.log,"1620 MHz, 49, 76.66 W",e87141a,2026-10-07 19:32:08
deep_swz1g16,1024,1024,1024,0.448512,0.442368,2.27894,0.491686,50.5607,4788.02,see build.log,"1620 MHz, 49, 55.69 W",e87141a,2026-10-07 19:32:09
dsk_swz0,1024,1024,1024,0.392944,0.38912,2.28355,0.416435,46.2039,5465.11,see build.log,"1620 MHz, 49, 84.53 W",e87141a,2026-10-07 19:32:09
dsk_swz1g4,1024,1024,1024,0.405504,0.397312,2.36906,0.430168,46.3463,5295.84,see build.log,"1620 MHz, 49, 85.03 W",e87141a,2026-10-07 19:32:10
dsk_swz1g8,1024,1024,1024,0.40592,0.397632,2.81107,0.430128,55.638,5290.41,see build.log,"1620 MHz, 49, 83.24 W",e87141a,2026-10-07 19:32:10
dsk_swz1g16,1024,1024,1024,0.405392,0.397152,2.19962,0.427048,42.5321,5297.3,see build.log,"1620 MHz, 49, 55.67 W",e87141a,2026-10-07 19:32:11
streamk_swz0,1024,1024,1024,0.39112,0.3888,2.29728,0.413076,46.4672,5490.6,see build.log,"1620 MHz, 49, 86.05 W",e87141a,2026-10-07 19:32:12
streamk_swz1g4,1024,1024,1024,0.385024,0.3816,2.62554,0.429505,72.5888,5577.53,see build.log,"1620 MHz, 49, 86.27 W",e87141a,2026-10-07 19:32:12
streamk_swz1g8,1024,1024,1024,0.385024,0.381888,2.25075,0.428956,61.3314,5577.53,see build.log,"1620 MHz, 49, 86.74 W",e87141a,2026-10-07 19:32:13
streamk_swz1g16,1024,1024,1024,0.385024,0.381248,2.52458,0.406274,52.4031,5577.53,see build.log,"1620 MHz, 49, 75.45 W",e87141a,2026-10-07 19:32:13
cublas,1024,1024,1024,0.25456,0.253888,2.23437,0.279294,72.3151,8436.06,see build.log,"1620 MHz, 49, 84.75 W",e87141a,2026-10-07 19:32:14
deep_swz0,1024,1024,1024,0.408928,0.40432,2.29408,0.454565,58.5464,5251.5,see build.log,"1620 MHz, 49, 69.00 W",e87141a,2026-10-07 19:32:14
deep_swz1g4,1024,1024,1024,0.448512,0.444928,2.50192,0.491133,55.8523,4788.02,see build.log,"1620 MHz, 49, 79.33 W",e87141a,2026-10-07 19:32:15
deep_swz1g8,1024,1024,1024,0.448512,0.442656,2.57434,0.491824,57.1073,4788.02,see build.log,"1620 MHz, 49, 75.68 W",e87141a,2026-10-07 19:32:15
deep_swz1g16,1024,1024,1024,0.448512,0.446208,2.74019,0.474614,48.4755,4788.02,see build.log,"1620 MHz, 49, 55.53 W",e87141a,2026-10-07 19:32:16
dsk_swz0,1024,1024,1024,0.39304,0.38912,2.31629,0.416534,47.0007,5463.78,see build.log,"1620 MHz, 50, 84.76 W",e87141a,2026-10-07 19:32:16
dsk_swz1g4,1024,1024,1024,0.406384,0.394912,2.16531,0.427195,41.6385,5284.37,see build.log,"1620 MHz, 50, 85.50 W",e87141a,2026-10-07 19:32:17
dsk_swz1g8,1024,1024,1024,0.405504,0.39936,2.13178,0.426677,40.8577,5295.84,see build.log,"1620 MHz, 50, 68.93 W",e87141a,2026-10-07 19:32:17
dsk_swz1g16,1024,1024,1024,0.405568,0.396544,2.51494,0.454301,63.1825,5295,see build.log,"1620 MHz, 50, 85.49 W",e87141a,2026-10-07 19:32:18
streamk_swz0,1024,1024,1024,0.391168,0.385952,1.83296,0.412595,38.7636,5489.93,see build.log,"1620 MHz, 50, 86.54 W",e87141a,2026-10-07 19:32:19
streamk_swz1g4,1024,1024,1024,0.385008,0.381888,2.64294,0.430946,68.7455,5577.76,see build.log,"1620 MHz, 50, 72.83 W",e87141a,2026-10-07 19:32:19
streamk_swz1g8,1024,1024,1024,0.385024,0.382624,2.2936,0.431507,62.9691,5577.53,see build.log,"1620 MHz, 50, 56.46 W",e87141a,2026-10-07 19:32:20
streamk_swz1g16,1024,1024,1024,0.385024,0.382368,2.2912,0.408146,47.5089,5577.53,see build.log,"1620 MHz, 50, 85.90 W",e87141a,2026-10-07 19:32:20
cublas,512,512,512,0.047072,0.045248,0.050976,0.046888,1.78617,5702.66,see build.log,"1620 MHz, 48, 52.16 W",e87141a,2026-10-07 19:32:41
deep_swz0,512,512,512,0.20656,0.205184,2.32653,0.227662,92.6571,1299.55,see build.log,"1620 MHz, 49, 52.32 W",e87141a,2026-10-07 19:32:41
deep_swz1g4,512,512,512,0.206848,0.205632,2.46387,0.22953,97.8354,1297.74,see build.log,"1620 MHz, 49, 51.22 W",e87141a,2026-10-07 19:32:42
deep_swz1g8,512,512,512,0.206848,0.205472,2.33594,0.228353,92.7602,1297.74,see build.log,"1620 MHz, 49, 51.45 W",e87141a,2026-10-07 19:32:42
deep_swz1g16,512,512,512,0.206848,0.2056,1.98202,0.228005,78.779,1297.74,see build.log,"1620 MHz, 49, 51.14 W",e87141a,2026-10-07 19:32:43
dsk_swz0,512,512,512,0.077824,0.075776,0.081792,0.0779718,1.11716,3449.26,see build.log,"1620 MHz, 49, 48.55 W",e87141a,2026-10-07 19:32:43
dsk_swz1g4,512,512,512,0.079872,0.07808,2.13616,0.100323,203.952,3360.82,see build.log,"1620 MHz, 49, 48.51 W",e87141a,2026-10-07 19:32:44
dsk_swz1g8,512,512,512,0.07984,0.07824,0.127392,0.0801402,5.9513,3362.17,see build.log,"1620 MHz, 49, 53.28 W",e87141a,2026-10-07 19:32:44
dsk_swz1g16,512,512,512,0.079872,0.078432,1.88752,0.101788,180.574,3360.82,see build.log,"1620 MHz, 49, 52.51 W",e87141a,2026-10-07 19:32:45
streamk_swz0,512,512,512,0.150144,0.147296,2.05619,0.172935,111.345,1787.85,see build.log,"1620 MHz, 49, 48.78 W",e87141a,2026-10-07 19:32:45
streamk_swz1g4,512,512,512,0.150352,0.147104,1.99878,0.172353,108.49,1785.38,see build.log,"1620 MHz, 49, 53.11 W",e87141a,2026-10-07 19:32:46
streamk_swz1g8,512,512,512,0.150752,0.146368,1.85456,0.171424,101.385,1780.64,see build.log,"1620 MHz, 49, 56.62 W",e87141a,2026-10-07 19:32:46
streamk_swz1g16,512,512,512,0.150208,0.146816,1.87056,0.170688,101.747,1787.09,see build.log,"1620 MHz, 49, 56.01 W",e87141a,2026-10-07 19:32:47
cublas,512,512,512,0.04704,0.045472,0.050848,0.0468902,1.44126,5706.54,see build.log,"1620 MHz, 49, 48.78 W",e87141a,2026-10-07 19:32:47
deep_swz0,512,512,512,0.206592,0.205024,1.9977,0.227985,79.617,1299.35,see build.log,"1620 MHz, 49, 48.73 W",e87141a,2026-10-07 19:32:48
deep_swz1g4,512,512,512,0.206848,0.205408,1.92717,0.227618,76.5538,1297.74,see build.log,"1620 MHz, 49, 50.18 W",e87141a,2026-10-07 19:32:48
deep_swz1g8,512,512,512,0.206848,0.205568,1.98246,0.228319,78.827,1297.74,see build.log,"1620 MHz, 49, 51.60 W",e87141a,2026-10-07 19:32:49
deep_swz1g16,512,512,512,0.206848,0.20528,0.208544,0.206807,0.242876,1297.74,see build.log,"1620 MHz, 49, 52.27 W",e87141a,2026-10-07 19:32:49
dsk_swz0,512,512,512,0.077824,0.075776,0.388288,0.0810698,38.1003,3449.26,see build.log,"1620 MHz, 49, 52.92 W",e87141a,2026-10-07 19:32:50
dsk_swz1g4,512,512,512,0.079824,0.078336,0.08128,0.0796093,0.717597,3362.84,see build.log,"1620 MHz, 49, 48.99 W",e87141a,2026-10-07 19:32:50
dsk_swz1g8,512,512,512,0.079856,0.07808,0.169984,0.081761,14.8761,3361.49,see build.log,"1620 MHz, 49, 50.11 W",e87141a,2026-10-07 19:32:51
dsk_swz1g16,512,512,512,0.07984,0.077984,1.84941,0.101285,177.706,3362.17,see build.log,"1620 MHz, 49, 53.78 W",e87141a,2026-10-07 19:32:51
streamk_swz0,512,512,512,0.150432,0.148352,0.1536,0.150513,0.726414,1784.43,see build.log,"1620 MHz, 49, 56.52 W",e87141a,2026-10-07 19:32:52
streamk_swz1g4,512,512,512,0.150272,0.14624,0.152736,0.15011,0.917364,1786.33,see build.log,"1620 MHz, 49, 48.53 W",e87141a,2026-10-07 19:32:52
streamk_swz1g8,512,512,512,0.150384,0.146592,0.500352,0.153795,22.6649,1785,see build.log,"1620 MHz, 49, 50.76 W",e87141a,2026-10-07 19:32:53
streamk_swz1g16,512,512,512,0.150304,0.147296,0.153312,0.150426,0.860834,1785.95,see build.log,"1620 MHz, 49, 54.57 W",e87141a,2026-10-07 19:32:53
cublas,512,512,512,0.047024,0.045216,0.05104,0.0468896,1.70383,5708.48,see build.log,"1620 MHz, 49, 49.70 W",e87141a,2026-10-07 19:32:54
deep_swz0,512,512,512,0.206752,0.205408,1.9415,0.227551,77.3452,1298.35,see build.log,"1620 MHz, 49, 50.05 W",e87141a,2026-10-07 19:32:54
deep_swz1g4,512,512,512,0.206848,0.205696,2.00294,0.228351,79.5474,1297.74,see build.log,"1620 MHz, 49, 51.48 W",e87141a,2026-10-07 19:32:55
deep_swz1g8,512,512,512,0.206848,0.2056,2.00362,0.228487,79.6743,1297.74,see build.log,"1620 MHz, 49, 50.88 W",e87141a,2026-10-07 19:32:55
deep_swz1g16,512,512,512,0.206848,0.205632,1.85549,0.226983,73.7817,1297.74,see build.log,"1620 MHz, 49, 51.21 W",e87141a,2026-10-07 19:32:56
dsk_swz0,512,512,512,0.077824,0.075776,0.082528,0.0781523,1.31553,3449.26,see build.log,"1620 MHz, 49, 53.60 W",e87141a,2026-10-07 19:32:56
dsk_swz1g4,512,512,512,0.079872,0.078432,1.7303,0.10034,167.991,3360.82,see build.log,"1620 MHz, 49, 53.21 W",e87141a,2026-10-07 19:32:57
dsk_swz1g8,512,512,512,0.079872,0.078048,0.083968,0.0797158,0.857441,3360.82,see build.log,"1620 MHz, 49, 48.81 W",e87141a,2026-10-07 19:32:57
dsk_swz1g16,512,512,512,0.079824,0.077952,0.084,0.0796627,0.845665,3362.84,see build.log,"1620 MHz, 49, 53.76 W",e87141a,2026-10-07 19:32:58
streamk_swz0,512,512,512,0.150032,0.14752,0.152608,0.150298,0.72765,1789.19,see build.log,"1620 MHz, 49, 56.25 W",e87141a,2026-10-07 19:32:58
streamk_swz1g4,512,512,512,0.151088,0.146176,0.1536,0.150635,0.899157,1776.68,see build.log,"1620 MHz, 49, 56.31 W",e87141a,2026-10-07 19:32:59
streamk_swz1g8,512,512,512,0.150128,0.14416,0.1536,0.150267,1.10473,1788.04,see build.log,"1620 MHz, 49, 48.71 W",e87141a,2026-10-07 19:32:59
streamk_swz1g16,512,512,512,0.150224,0.147648,2.21389,0.170962,120.101,1786.9,see build.log,"1620 MHz, 49, 55.90 W",e87141a,2026-10-07 19:33:00
cublas,256,256,256,0.028128,0.01888,0.046528,0.0288851,17.7821,1192.92,see build.log,"1620 MHz, 48, 37.81 W",e87141a,2026-10-07 19:33:20
deep_swz0,256,256,256,0.108288,0.106976,0.11264,0.108222,0.620337,309.863,see build.log,"1620 MHz, 48, 48.34 W",e87141a,2026-10-07 19:33:21
deep_swz1g4,256,256,256,0.109088,0.108544,1.88512,0.13019,137.651,307.59,see build.log,"1620 MHz, 48, 48.71 W",e87141a,2026-10-07 19:33:21
deep_swz1g8,256,256,256,0.109232,0.108384,0.112736,0.109333,0.669461,307.185,see build.log,"1620 MHz, 48, 49.32 W",e87141a,2026-10-07 19:33:22
deep_swz1g16,256,256,256,0.109184,0.108544,1.89424,0.130311,138.146,307.32,see build.log,"1620 MHz, 48, 48.51 W",e87141a,2026-10-07 19:33:22
dsk_swz0,256,256,256,0.039616,0.038912,1.84262,0.0618554,295.071,846.992,see build.log,"1620 MHz, 48, 48.83 W",e87141a,2026-10-07 19:33:23
dsk_swz1g4,256,256,256,0.040352,0.038976,0.146912,0.0413379,25.7343,831.543,see build.log,"1620 MHz, 48, 49.07 W",e87141a,2026-10-07 19:33:23
dsk_swz1g8,256,256,256,0.040448,0.038912,0.045056,0.0403542,1.94282,829.57,see build.log,"1620 MHz, 49, 48.80 W",e87141a,2026-10-07 19:33:24
dsk_swz1g16,256,256,256,0.040464,0.038944,0.044608,0.0403923,2.04915,829.242,see build.log,"1620 MHz, 48, 48.58 W",e87141a,2026-10-07 19:33:24
streamk_swz0,256,256,256,0.11264,0.109536,2.02461,0.136025,141.292,297.891,see build.log,"1620 MHz, 49, 51.23 W",e87141a,2026-10-07 19:33:25
streamk_swz1g4,256,256,256,0.11648,0.110592,0.121024,0.115397,2.61465,288.07,see build.log,"1620 MHz, 49, 50.86 W",e87141a,2026-10-07 19:33:25
streamk_swz1g8,256,256,256,0.117184,0.110592,1.86224,0.137381,128.916,286.34,see build.log,"1620 MHz, 49, 50.33 W",e87141a,2026-10-07 19:33:26
streamk_swz1g16,256,256,256,0.11392,0.1104,0.120384,0.115051,2.49029,294.544,see build.log,"1620 MHz, 49, 48.88 W",e87141a,2026-10-07 19:33:26
cublas,256,256,256,0.026624,0.02,0.050944,0.0276864,24.8187,1260.31,see build.log,"1620 MHz, 49, 48.02 W",e87141a,2026-10-07 19:33:27
deep_swz0,256,256,256,0.108336,0.106816,0.110368,0.108186,0.542353,309.726,see build.log,"1620 MHz, 49, 48.47 W",e87141a,2026-10-07 19:33:27
deep_swz1g4,256,256,256,0.109184,0.108544,0.114624,0.109372,0.747199,307.32,see build.log,"1620 MHz, 49, 48.84 W",e87141a,2026-10-07 19:33:28
deep_swz1g8,256,256,256,0.109328,0.108544,0.114464,0.109458,0.808092,306.915,see build.log,"1620 MHz, 49, 49.41 W",e87141a,2026-10-07 19:33:28
deep_swz1g16,256,256,256,0.108864,0.108544,0.114176,0.109084,0.725388,308.223,see build.log,"1620 MHz, 49, 48.67 W",e87141a,2026-10-07 19:33:29
dsk_swz0,256,256,256,0.039808,0.038912,0.041024,0.0399568,1.61352,842.907,see build.log,"1620 MHz, 49, 48.72 W",e87141a,2026-10-07 19:33:29
dsk_swz1g4,256,256,256,0.04048,0.038912,0.064736,0.0404944,6.25144,828.914,see build.log,"1620 MHz, 49, 49.53 W",e87141a,2026-10-07 19:33:29
dsk_swz1g8,256,256,256,0.040512,0.039104,0.104448,0.0429475,25.0268,828.259,see build.log,"1620 MHz, 49, 48.64 W",e87141a,2026-10-07 19:33:30
dsk_swz1g16,256,256,256,0.040432,0.038912,0.046912,0.0403862,2.4733,829.898,see build.log,"1620 MHz, 49, 48.92 W",e87141a,2026-10-07 19:33:30
streamk_swz0,256,256,256,0.112336,0.109248,1.89366,0.135354,133.27,298.697,see build.log,"1620 MHz, 49, 51.53 W",e87141a,2026-10-07 19:33:31
streamk_swz1g4,256,256,256,0.116736,0.111008,1.96816,0.138366,135.955,287.439,see build.log,"1620 MHz, 49, 50.83 W",e87141a,2026-10-07 19:33:31
streamk_swz1g8,256,256,256,0.114496,0.111296,0.12144,0.115223,2.39757,293.062,see build.log,"1620 MHz, 49, 48.79 W",e87141a,2026-10-07 19:33:32
streamk_swz1g16,256,256,256,0.115216,0.110592,0.120384,0.115336,2.529,291.231,see build.log,"1620 MHz, 49, 51.24 W",e87141a,2026-10-07 19:33:32
cublas,256,256,256,0.02768,0.018592,0.16016,0.0291715,47.2187,1212.23,see build.log,"1620 MHz, 49, 48.71 W",e87141a,2026-10-07 19:33:33
deep_swz0,256,256,256,0.108288,0.106848,0.116224,0.108279,0.960064,309.863,see build.log,"1620 MHz, 49, 49.30 W",e87141a,2026-10-07 19:33:33
deep_swz1g4,256,256,256,0.109248,0.108544,0.112768,0.109369,0.638205,307.14,see build.log,"1620 MHz, 49, 48.55 W",e87141a,2026-10-07 19:33:34
deep_swz1g8,256,256,256,0.108704,0.108384,0.110432,0.10885,0.396021,308.677,see build.log,"1620 MHz, 49, 49.13 W",e87141a,2026-10-07 19:33:34
deep_swz1g16,256,256,256,0.109216,0.108544,0.112768,0.109365,0.63813,307.23,see build.log,"1620 MHz, 49, 49.19 W",e87141a,2026-10-07 19:33:35
dsk_swz0,256,256,256,0.039744,0.038912,0.069152,0.0401466,7.48436,844.264,see build.log,"1620 MHz, 49, 49.05 W",e87141a,2026-10-07 19:33:35
dsk_swz1g4,256,256,256,0.040336,0.038912,0.096512,0.040776,13.824,831.873,see build.log,"1620 MHz, 49, 49.77 W",e87141a,2026-10-07 19:33:36
dsk_swz1g8,256,256,256,0.040432,0.038976,0.0448,0.0402982,2.32115,829.898,see build.log,"1620 MHz, 49, 49.27 W",e87141a,2026-10-07 19:33:36
dsk_swz1g16,256,256,256,0.040496,0.038912,0.046496,0.0404106,2.45107,828.586,see build.log,"1620 MHz, 49, 48.61 W",e87141a,2026-10-07 19:33:37
streamk_swz0,256,256,256,0.115952,0.109504,1.96195,0.137082,137.007,289.382,see build.log,"1620 MHz, 49, 48.64 W",e87141a,2026-10-07 19:33:37
streamk_swz1g4,256,256,256,0.116736,0.110592,1.90806,0.137401,132.125,287.439,see build.log,"1620 MHz, 49, 51.03 W",e87141a,2026-10-07 19:33:38
streamk_swz1g8,256,256,256,0.11352,0.110592,0.120544,0.115057,2.49744,295.582,see build.log,"1620 MHz, 49, 50.67 W",e87141a,2026-10-07 19:33:38
streamk_swz1g16,256,256,256,0.116416,0.110592,0.120704,0.115346,2.52332,288.229,see build.log,"1620 MHz, 49, 48.59 W",e87141a,2026-10-07 19:33:39
